Nama,Rating,Location,Open,Close,Foto
Rama Krisna Oleh Oleh Bali 24 Jam,4.5,"Jl. Raya Tuban No.2X, Tuban,Kabupaten Badung",06.00,23.00,https://lh5.googleusercontent.com/p/AF1QipP_FG0g6KYiT8nEZtkaRjGCn0K2l2z-d9iwZIKB=w408-h544-k-no
Oleh Oleh Khas Bali,4.3,Jl. Veteran No.59,08.00,21.00,https://lh5.googleusercontent.com/p/AF1QipPMPOl9x_6mB_Plo1wXMgULZNUQ6DEsNHGEkyAK=w408-h306-k-no
Krisna Oleh oleh Khas Bali,4.4,"Jl. Seririt- Singaraja, Temukus,Kabupaten Buleleng,",08.00,22.00,https://lh5.googleusercontent.com/p/AF1QipPiPV1U2P6Iq5aC1HJe18QbJIM0rgGcG1FH6GlQ=w424-h240-k-no
Krisna Oleh  Oleh Bali Sunset Road,4.4,"Jl. Sunset Road No.88, Kuta,Kabupaten Badung",08.00,22.00,https://lh5.googleusercontent.com/p/AF1QipMfT18MFpe7oiFqt6nQtmfU16mA3wsD0qgI4qc=w408-h545-k-no
Prema Rasa Oleh Oleh Khas Bali,5.0,"Jl. Raya Kuta No.85, Tuban,Kabupaten Badung",08.00,23.00,https://lh5.googleusercontent.com/p/AF1QipOUJ9W9NZKSDFRiV9f2AdhWkczAYVWRbRQ6hshg=w408-h271-k-no
Krisna Oleh Oleh khas Bali Nusa Kambangan,4.4,"Jl. Nusa Kambangan No.160 A, Dauh Puri KauhKota Denpasar",08.00,22.00,https://lh5.googleusercontent.com/p/AF1QipPiPV1U2P6Iq5aC1HJe18QbJIM0rgGcG1FH6GlQ=w424-h240-k-no
Krisna Oleh-oleh Khas Bali Nusa Indah,4.4,Jl. Nusa Indah No.77,08.30,21.00,https://lh5.googleusercontent.com/p/AF1QipMRkLpr85UeAn0Pfp2iBfmhBzdfS1m4nlSBGK09=w408-h271-k-no
The Keranjang Bali - Surga Baru Oleh Oleh Bali,4.6,"Jl. Bypass Ngurah Rai No.97, Kuta, Kabupaten Badung",09.00,21.00,https://lh5.googleusercontent.com/p/AF1QipMszDANjpipcxD4RkRNeHZpOk9fvKXn5R6JcE_m=w122-h92-k-no
KRISNA Oleh-Oleh Khas Bali - Samasta Jimbaran,4.4,"Jl. Wanagiri, Jimbaran, Kabupaten Badung",10.00,22.00,https://lh5.googleusercontent.com/p/AF1QipNP9A1Gq_bLFfqaJ-aWZuUhgXo0KRq457MaRS0y=w408-h544-k-no
Larisa Oleh-oleh Bali,4.4,"Jl. Raya Kuta No.45 B, Kuta,Kabupaten Badung",09.00,22.00,https://lh5.googleusercontent.com/p/AF1QipOwFMlCX2eHwzuDAH1WYGMBgy7MoEe0nQc-2yd5=w163-h92-k-no
BELANJA Oleh Oleh Bali,3.8,"Jl. Tukad Yeh Aya No.175a, Renon,Kota Denpasar",09.00,18.00,https://lh5.googleusercontent.com/p/AF1QipO5R4-gWj9ugFLCfq8KfR1X-pSVX8gWSJ1qQDqP=w107-h92-k-no
Agung Bali Oleh-Oleh Sunset Road,4.4,"Jl. Sunset Road No.18,Kuta,Kabupaten Badung",08.00,22.00,https://lh5.googleusercontent.com/p/AF1QipPvpmroro3MpVwbLggV603-tK9diGU-1rLQ0izM=w163-h92-k-no
Agung Bali Oleh - oleh Dewi Sri,4.4,"Jl. Dewi Sri No.18XX, LegianKabupaten Badung",08.00,22.00,https://lh5.googleusercontent.com/p/AF1QipPA4Wi0d0Y8oPgFQQm6-DkFSQMIJMVoqaFfqwk4=w641-h92-k-no
Toko Oleh Oleh Khas Bali Mbak Tutik,4.5,"Jl. Sumatera No.29, Dauh Puri KanginKota Denpasar",08.00,21.00,https://lh5.googleusercontent.com/p/AF1QipO5CU6Yo_eAjs6ouIRNKU9sy1RgbY_HjhQKrjFV=w122-h92-k-no
Oleh - Oleh Khas Bali,5.0,"Jl. Gunung Salak No.216, Tegallalang,Kota Denpasar",07.30,20.00,https://lh5.googleusercontent.com/p/AF1QipPwDedaWCO_NPyFlVGVTOlcH74IQdfWpqbMjL-R=w408-h408-k-no
Bali Jaen (Oleh-oleh khas Bali),5.0,"Jl. Glogor Carik, Pemogan,Kota Denpasar",08.00,02.00,https://lh5.googleusercontent.com/p/AF1QipM_NBi9fY32W2L4bYX8DWL6Ku2U9WMjIGtkdGni=w122-h92-k-no
Surya Bali Oleh-Oleh Khas Bali,5.0,"Jl. Raya Kuta No.61, Kuta,Kabupaten Badung",08.00,23.00,https://lh5.googleusercontent.com/p/AF1QipPgY1pGB2G_1D4VknObFvc9VetLORnz-MAXCkTZ=w122-h92-k-no
Kampung oleh-oleh Bali Murah,4.9,"Jl. Dewi Sri, Legian,Kabupaten Badung",09.00,22.00,https://lh5.googleusercontent.com/p/AF1QipPKRik5SZp7qQI4j9l5Qz7RoZ2oxwGPGDX4dGbL=w80-h106-k-no
Oleh Oleh Bali,3.8,"Jl. Raya Semer No.2, Kerobokan,Kabupaten Badung",08.00,21.00,https://lh5.googleusercontent.com/p/AF1QipP7UYNXgBghwQs_v8wIFkh3nvxzPefplq3Bxaxg=w408-h407-k-no
TOKO KALIMANTA OLEHOLEH BALI,4.0,"Jl. Sunset Road No.5, Kuta,Kota Denpasar",08.00,17.00,https://lh5.googleusercontent.com/p/AF1QipNaDVwJxNjPbiXYVgKwnvS80nLHuK0EHS5OxEb8=w80-h106-k-no
Sunset Pusat Oleh - Oleh Bali,5.0,"Jl. Mekarsari - Baturiti Bedugul No.575, Mekarsari,  Kabupaten Tabanan",08.00,20.00,https://lh5.googleusercontent.com/p/AF1QipMX7aE_1fWPIBPsCx-y4rSBwpNZusCUzctu1tUG=w122-h92-k-no
Pie Susu Dhian Toko Bali,5.0,"Gg. J No.11, Panjer, Kota Denpasar",08.00,22.00,https://lh5.googleusercontent.com/p/AF1QipMDyeglbPKLTACbzBoZ6RbiOUc4P-7w1g0ZwUW8=w92-h92-k-no
Warung Oleh Oleh Putri Bali,5.0,"Jl. Patih Jelantik No.3, Dauh Puri Klod,Kota Denpasar",08.00,22.00,https://lh5.googleusercontent.com/p/AF1QipMt_iGZYtCoFAyxMiXvy7mGPfC_YsBS7nxGmHrR=w408-h663-k-no
Jepun Bali Oleh-oleh Bali (Souvenier),4.6,"Kuta, Kec. Kuta, Kabupaten Badung",08.00,10.00,https://lh5.googleusercontent.com/p/AF1QipNGIgd4svOVTAJk2pw7iqB5o90vOaia-hl3wdv2=w426-h240-k-no
Snack Meyuk! Oleh-Oleh Khas Bali,5.0,"Jl. Patih Jelantik No.55, Legian, Kec. Kuta, Kabupaten Badung",09.00,21.30,https://lh5.googleusercontent.com/p/AF1QipPoMcQIGaPXr4sUq3GjgUt4t-FxxzmdtdmpdwT7=w122-h92-k-no
Erlangga 2,4.6,"Jl. Nusa Kambangan No.162, Dauh Puri Kauh, Kec. Denpasar Bar., Kota Denpasar, Bali 80113",08.30,21.45,https://lh5.googleusercontent.com/p/AF1QipPwW8kJYRw3bvBBnTp-1hc3JW8D2aFXjFgJeb9P=w163-h92-k-no
Pabrik Kata-Kata Joger,4.5,"Jl. Raya Kuta, Kuta, Kec. Kuta, Kabupaten Badung, Bali 80361",10.00,17.00,https://lh5.googleusercontent.com/p/AF1QipNHkolmZEH-vMBU2q7RlrPcNMakDSpLjNP2miYx=w122-h92-k-no
Pia Legong,3.9,"Ruko Kuta Megah No. 15, Jalan By Pass Ngurah Rai, Tuban, Kuta, Tuban, Kec. Kuta, Kabupaten Badung, Bali 80361",09.00,17.00,https://lh5.googleusercontent.com/p/AF1QipOIo63uZWpNKAIxaLA4Gof7Q_OQjRRjS72yLvsl=w122-h92-k-no
NURUL BAJU BALI,5.0,"Jl. Tukad Badung XIV D No.16, Renon, Denpasar Selatan, Kota Denpasar, Bali 80226",08.00,20.00,https://lh5.googleusercontent.com/p/AF1QipPdyfbBbWsYMBwXCY95ZvlWpkkKMULDMRxzOQ86=w90-h92-k-no
Baju Bali At Centro,4.3,"Jl. Kartika Plaza, Kuta, Kec. Kuta, Kabupaten Badung, Bali 80361",10.00,22.00,https://lh5.googleusercontent.com/p/AF1QipNO0QfQpXj5dDuXucDT1pbPcBBBd1mqlki0SeAN=w122-h92-k-no
Baju Bali Murah,4.2,"Perum Padang Gajah Jl. Padang Gajah No.5, Padangsambian, Kec. Denpasar Bar., Kota Denpasar, Bali 80119",10.00,16.00,https://lh5.googleusercontent.com/p/AF1QipNYRDII2LVcioO71fC62y-vBWHDrwNoq5deDOFu=w125-h92-k-no
Bali Baju,4.4,"Jl. Tukad badung timur Kelurahan renon, Dangin Puri Klod, Denpasar Selatan, Kota Denpasar, Bali 80226",08.00,17.00,https://lh5.googleusercontent.com/p/AF1QipPtyu59__SoRdkJG_jVZV1cKRiTsJq5G7Sff8hH=w80-h106-k-no
Baju Bali Oleh- Oleh Bali,4.0,"Gg. Sari Ayu No.2 A, Tonja, Kec. Denpasar Utara, Kota Denpasar, Bali 80236",13.00,17.00,https://lh5.googleusercontent.com/p/AF1QipPr5SenQyg8MOmb_4NbQSWiziwuJgdmGwyDBu2z=w493-h240-k-no
vanda baju bali,5.0,"Gg. Asem VII Blk. A No.3a, Tegal Harum,Kota Denpasar, Bali 80119",08.05,16.00,https://lh5.googleusercontent.com/p/AF1QipOBxw0gvr62JX62w9pC5NSkEjQnrr5Bpny0e0oF=w80-h92-k-no
Baju Bali Murah,5.0,"Jl. Tukad Irawadi Gg. X No.10, Panjer, Denpasar Selatan, Kota Denpasar, Bali 80225",09.00,18.00,https://lh5.googleusercontent.com/p/AF1QipOp2TS7n8BMkifGIuaSaIgxU7xvEIwJpH8mdAEb=w163-h92-k-no
Toko Baju Sintia,4.3,"Jl. Wibisana Bar. No.69, Pemecutan Kaja, Kec. Denpasar Utara, Kota Denpasar, Bali 80111",08.30,22.00,https://lh5.googleusercontent.com/p/AF1QipN-tOgE1x58lYHNdOMIi3W-IfNatj0idt8mb6KZ=w426-h240-k-no
Local Fruit And Vegetable Market,4.5,"Jl. Raya Taman No.88, Seminyak, Kec. Kuta, Kabupaten Badung, Bali 80361",09.00,22.30,https://lh5.googleusercontent.com/p/AF1QipON99o3yKgRjWVYjaoPN4wddsNBh50-dYBHMo4C=w408-h725-k-no
Pasar Pudak Batu Bulan,4.2," Jl. Pudak, Batubulan, Kec. Sukawati, Kabupaten Gianyar, Bali 80582",02.00,23.00,https://lh5.googleusercontent.com/p/AF1QipNd0uUtwpT_iNjQTKuTZLzeY9hB_XJFvat1pM2g=w408-h306-k-no
Pasar Sari Murni,4.5,"Jl. Kebo Iwa Utara No.47, Padangsambian Kaja, Kec. Denpasar Barat,Kota Denpasar, Bali 80117",04.00,21.00,https://lh5.googleusercontent.com/p/AF1QipPYqJQBne1SgXugTTkUOUxa8obugK0mDiIDzfwq=w408-h306-k-no
Pasar Desa Pakraman Panjer,4.5,"Jl. Tukad Pakerisan No.55A, Dauh Puri Klod, Denpasar Selatan, Kota Denpasar, Bali 80225",05.30,17.00,https://lh5.googleusercontent.com/p/AF1QipP4x-_pANHoib48_R0kNOWu0YB_ezIaOVJUmVyo=w408-h306-k-no
Pasar Senggol Sukawati,4.5,"WANTILAN Pura Kahyangan Jagat Penataran Agung, Jl. Raya Sukawati Banjar Mudita No.18x, Sukawati, Gianyar Regency, Bali 80582",16.00,23.30,https://lh5.googleusercontent.com/p/AF1QipM_L8mXWoQLel_se1crQEmhj1n7U5cyskxPTR9E=w426-h240-k-no
Pasar Desa Pakraman Padangsambian,4.5,"Jl. Tangkuban perahu III No.16, Padangsambian, Kec. Denpasar Barat,Kota Denpasar, Bali 80118",05.00,11.00,https://lh5.googleusercontent.com/p/AF1QipPyDJueN-vqquHGf1m5koyyBhARmEn567IfKS-3=w426-h240-k-no
Pasar Kerta Waringin Anggabaya,4.4,"Penatih,Kota Denpasar",02.00,23.59,https://lh5.googleusercontent.com/p/AF1QipMybXuJNWYDx5J4dXt6Z61aLKl5u0zRdsVMdamg=w426-h240-k-no
Pasar Anyar Pitik Sari,4.5,"Jl. Kubu Abasan, PedunganKota Denpasar",06.00,21.00,https://lh5.googleusercontent.com/p/AF1QipOEEbn2gQd-Ua5h-NcvspN_efmGWCt8pzuG9t7o=w408-h306-k-no
Pasar Sedana Kerthi,4.4,"Jl. Raya Jagapati No.15, Jagapati,Kabupaten Badung",04.30,21.00,https://lh5.googleusercontent.com/p/AF1QipPPGizv0degqDSk7NfS5HoEeXHKLvoL4xHk1RM9=w506-h240-k-no
Pasar Rakyat Desa Pakraman Pohgading,4.4,"Jl. Tunggul Ametung III, Ubung Kaja,",05.00,12.00,https://lh5.googleusercontent.com/p/AF1QipPhBgeri_ZmoCAd2vIMqWjMOCRzyThlgWTS_Nw6=w408-h306-k-no
Pasar Umum Sukawati,4.2,"Jl. Raya Sukawati No.75X, Sukawati, Kec. Sukawati, Kabupaten Gianyar, Bali 80582",07.00,18.00,https://lh5.googleusercontent.com/p/AF1QipMZE9ovYWyHhAUQ0TBdTqjK1XR84B1JPqwe3b1y=w408-h306-k-no
PASAR KARYA MULYA,4.4,"Jl. Mertasari No.68-76, Sidakarya,Kota Denpasar",07.00,23.00,https://lh5.googleusercontent.com/p/AF1QipOYKuhFjC83XvhIzX36l5VafwJzsvyuAUvRse-r=w408-h906-k-no
Pasar Bunga Wangaya,4.4,"Jl. Kartini No.100, Dauh Puri Kaja,Kota Denpasar",06.00,20.00,https://lh5.googleusercontent.com/p/AF1QipOFpgm3sWaVpkC8K34J33-0O-fv9wMGwGqWlamK=w408-h509-k-no
Pasar Ketapian,4.4,"Jl. Pucuk, Sumerta, Kota Denpasar",05.00,20.00,https://lh5.googleusercontent.com/p/AF1QipNcEmIYx57IWA9Mryfbehkj_Ia2lL1_-U4JiQv4=w408-h544-k-no
Pasar Bali,4.3,"Jl Pantai Berawa , tibubeneng , Kuta Utara",14.00,23.59,https://lh5.googleusercontent.com/p/AF1QipNrhqg2XQOBcUkQ-Yn9A_n5fnmfgVpJ87oDCkFc=w426-h240-k-no
Pasar Tradisional Mahendradata,4.3,"Gg. Kulma, Padangsambian, Kota Denpasar",08.00,18.00,https://lh5.googleusercontent.com/p/AF1QipO9XIP5Q5z8ijHLFRtG5Uwv8_zKvmGs9ghoLjgH=w426-h240-k-no
Baju Bali 88,5.0,"Jl. Subur No.80211, Pemecutan Klod,Kota Denpasar",09.00,20.00,https://lh5.googleusercontent.com/p/AF1QipONAfsUfjp-MhIOwzFi4tPUr5GVOga297EAfhRa=w408-h246-k-no
Ayra Shop Bali,5.0,"Gg. Merta Shanti 2 No.16, Pemogan, Denpasar Selatan, Kota Denpasar, Bali 80221",07.00,21.30,https://lh5.googleusercontent.com/p/AF1QipNyyFAIEjNo2TPRNc9Urtx-L2WVx26zkdzZ2ukU=w408-h408-k-no
Novi Collections (Garment Produsen Baju Bali),4.6,"Jl. Pulau Moyo XV, Pedungan, Denpasar Selatan, Kota Denpasar, Bali 80222",08.00,17.00,https://lh5.googleusercontent.com/p/AF1QipODRHSuk70FZdjztV8DzAqOpVDMFXpHtUsJaEK2=w493-h240-k-no
BaliCihui,5.0,"Jl. Pulau Moyo XV, Pedungan, Denpasar Selatan, Kota Denpasar, Bali 80222",08.00,17.00,https://lh5.googleusercontent.com/p/AF1QipOU8x0D7Zy-wI-9oOuqEM6i34dOuayvro-dPyEI=w408-h306-k-no
ADEEVA COLLECTION (Grosir Baju Bali),5.0,"Jl. Ahmad Yani Utara No.344, Peguyangan, Kec. Denpasar Utara, Kota Denpasar, Bali 80239",09.00,17.00,https://lh5.googleusercontent.com/p/AF1QipO0eekaznwIHbu-rMSNyt0CzZe86IXDyNpAn_qL=w408-h240-k-no
Baju Barong Oleh Oleh Khas Bali,3.0,"Jl. Raya Kuta No.45B, Tuban, Kec. Kuta, Kabupaten Badung, Bali 80361",09.00,20.00,https://lh5.googleusercontent.com/p/AF1QipMhshIpPG476hD-QAbzh5qt4z4I1seTrU-zV3TS=w408-h306-k-no
Plong Collection Bali,5.0,"Jl. Perum Padang Asri Gg. I No.10, Padangsambian Klod, Kec. Denpasar Bar., Kota Denpasar, Bali 80117",06.30,22.00,https://lh5.googleusercontent.com/p/AF1QipPRDegzVgIVGm81TJrhQ-norhL1u_Vt4AyRbENA=w408-h541-k-no
Bali Frangipani - Bali Daily Sweet Clothes (Online Shop Baju),5.0,"Gg. Anyar No.6, Pemogan, Denpasar Selatan, Kota Denpasar, Bali 80221",06.00,23.00,https://lh5.googleusercontent.com/p/AF1QipOhM20Zgiq_Vpy5Nv1EgOJiaj9jqpj8VwmMWL-9=w647-h240-k-no
Hasika Store (Baju Anak Murah Denpasar Bali),5.0,"Jl. Gunung Gede No.88, Padangsambian, Denpasar Barat, Denpasar City, Bali 80119",10.00,21.00,https://lh5.googleusercontent.com/p/AF1QipOeLnPfVl3wVkcz44MbBr855fDqTFTbsdBQ1Wzh=w408-h306-k-no
Bali Citra Busana Collection,4.7,"Jl. Raya Pemogan No.182, Pemogan, Denpasar Selatan, Kota Denpasar, Bali 80221",08.00,22.00,https://lh5.googleusercontent.com/p/AF1QipOCzmG8T9hr4reCcvGzGzo2YmI0t7DhKT6OLT4i=w408-h725-k-no
Busana Bali,4.1,"Jl. Kaswari, Gg. Alpukat Perum Kaswari Indah No.6, Penatih, Kec. Denpasar Tim., Kota Denpasar, Bali 80236",08.00,19.30,https://lh5.googleusercontent.com/p/AF1QipMZYKwhiAUPF6vnmZW18T6FL8Oz4l5sE4sqz6gb=w426-h240-k-no
Bajubali Murah Kerobokan,4.8,"Jl. Raya Kerobokan No.6, Kerobokan Kelod, Kec. Kuta Utara, Kabupaten Badung, Bali 80361",02.00,23.00,https://lh5.googleusercontent.com/p/AF1QipPxjAlArF4lYewcVyXRgC5ZMTiLLYPZnDuwYlk4=w408-h544-k-no
Toko Baju Dewantara,4.3,"Jl. Ahmad Yani Utara No.170, Peguyangan, Kec. Denpasar Utara, Kota Denpasar, Bali 80115",08.30,22.00,https://lh5.googleusercontent.com/p/AF1QipPoQHNpGO3X3s3np9XJRxXT_06T9Q5-bXfXxL58=w408-h544-k-no
BAJU CENIK Kerobokan,4.6,"Jl. Raya Canggu Jl. Banjar Anyar, Kerobokan, Kec. Kuta Utara, Kabupaten Badung, Bali 80361",09.00,22.00,https://lh5.googleusercontent.com/p/AF1QipMmUTLhKZgz0Vw8REqsTI75GHKqf6SRgsDclCcs=w408-h543-k-no
Modis Store,4.3,"Jl. Tukad Barito Timur No.32, Panjer, Denpasar Selatan, Kota Denpasar, Bali 80225",09.30,21.30,https://lh5.googleusercontent.com/p/AF1QipNx0XZgUPYLPslOXYgIQXgn88Zj1Lf0eMnB9ygi=w426-h240-k-no
Artika Bali Collection,4.6,"Jl. Pulau Bangka No.7, Pedungan, Denpasar Selatan, Kota Denpasar, Bali 80114",09.00,19.00,https://lh5.googleusercontent.com/p/AF1QipM2IwFaYqGiMR54SdOS-XEHu0B_YBJLOWV_rovz=w408-h544-k-no
Doremi Daster Bali Online,4.8,"Jl. Dewi Sartika, Kuta, Kec. Kuta, Kabupaten Badung, Bali 80361",12.00,20.00,https://lh5.googleusercontent.com/p/AF1QipNGZnF7AUML5Z6Q2q9NIzS1otMCfsWi8Hxa7D5p=w408-h408-k-no
WAFS BALI,4.1,"Jl. Tukad Sari Kuning No.38, Dauh Puri Klod, Kec. Denpasar Bar., Kota Denpasar, Bali 80225",02.00,23.00,https://lh5.googleusercontent.com/p/AF1QipMFIdV2q8EA4wyWVLdllQASj6l8SDw74UxcIdHs=w408-h725-k-no
Mega Bali,5.0,"Jl. Gn. Mas No.8a, Padangsambian Klod, Kec. Denpasar Bar., Kota Denpasar, Bali 80117",08.00,22.00,https://lh5.googleusercontent.com/p/AF1QipOUIGxyDUFtUqLOdFDRp034przM64X7XbLJFquR=w426-h240-k-no
Simple Store Bali,4.5,"Jl. Pulau Misol No.20 a, Dauh Puri Kauh, Kec. Denpasar Bar., Kota Denpasar, Bali 80113",13.00,23.00,https://lh5.googleusercontent.com/p/AF1QipPsPVzB0YFto7O6fn01DjMcznyn_LsY8dk9nUT5=w425-h240-k-no
Yans Collection Bali,5.0,"Gg. Taman Sari I No.23E, Sesetan, Denpasar Selatan, Kota Denpasar, Bali 80225",09.00,17.00,https://lh5.googleusercontent.com/p/AF1QipOxu-zLKDUchIyjygSncsYMRWu5se4grNpnZY6W=w408-h408-k-no
balilais.co,4.8,"Jl. Raya Padang Luwih No.147a, Tegal Jaya, Dalung, Kec. Kuta Utara, Kabupaten Badung, Bali 80361",08.00,21.00,https://lh5.googleusercontent.com/p/AF1QipOYwr_SaN-afwWbGcwPTBtUwZufhYHGrnsRQIrQ=w426-h240-k-no
Bali Store Men,5.0,"Jl. Gunung Rinjani No.60, Tegal Kertha, Kec. Denpasar Bar., Kota Denpasar, Bali 80112",09.00,21.00,https://lh5.googleusercontent.com/p/AF1QipNnnue_ow4qJgnTz6DrH6vrejYp5qVuSFsF65nw=w408-h306-k-no
Surf Clothing Bali,5.0,"Jl. Raya Buduk Br. Bernasi, Buduk, Kec. Mengwi, Kabupaten Badung, Bali 80351",09.00,21.00,https://lh5.googleusercontent.com/p/AF1QipOvBqq1yfqrmBLU_Wl8HyE7l2x5CJEv3EH1Gxjt=w408-h725-k-no
balishariya&co.,4.8,"Komplek Burung, Jl. Cendrawasih No.7, Tuban, Kec. Kuta, Kabupaten Badung, Bali 80361",08.00,18.00,https://lh5.googleusercontent.com/p/AF1QipOQU-70LfUPGzTzmTT2AcCDMOj-zBA6z-HK3mJ4=w408-h544-k-no
Ricknandy Bali Style,5.0,"Batubulan, Kec. Sukawati, Kabupaten Gianyar, Bali 80237",08.00,17.00,https://lh5.googleusercontent.com/p/AF1QipOrZefo5UeRCqVwNgnCabF2rjJWNfgu5lednC8v=w426-h240-k-no
DIKA UDENG BALI - DENPASAR,4.6,"Jl. Nusa Indah No.44, Sumerta, Kec. Denpasar Tim., Kota Denpasar, Bali 80236",09.00,21.00,https://lh5.googleusercontent.com/p/AF1QipN4j7MTCtpKDKmtyYRewFbeT-Ecqt_85oZWsIP9=w408-h544-k-no
Tropical Fashion,4.9,"Jl. Pulau Adi VI No.23, Pedungan, Kota Denpasar",09.00,21.00,https://lh5.googleusercontent.com/p/AF1QipNHWrcNK39oCYAOl-SMmMvjI_mBNysbC0dTWhAt=w408-h544-k-no
Baju Cenik cabang abianbase,5.0,"Jl. Raya Abianbase No.102, Abianbase, Kec. Mengwi, Kabupaten Badung, Bali 80351",09.00,21.30,https://lh5.googleusercontent.com/p/AF1QipMgW8G55seVObz6kzIk81EnvYIkRi-EsBe__ov-=w408-h725-k-no
LEE SHOP BALI HOME DRESS / DASTER,5.0,"Perum Griya Kawan Antasura, Jl. Antasura, Peguyangan, Kec. Denpasar Utara, Kota Denpasar, Bali 80238",09.00,17.00,https://lh5.googleusercontent.com/p/AF1QipMxK97C_WbkQNh9V-65AhYrmJNWnx0PZtNwngg=w92-h92-k-no
Kampung Souvenir - Pusat Daster Bali,4.7,"Samping Indomaret Mertasari, Jl. Mertasari No.50B, Sidakarya, Denpasar Selatan, Kota Denpasar, Bali 80223",08.00,20.00,https://lh5.googleusercontent.com/p/AF1QipNlpZDU1Kn6AImnsZwgNLNlFSLkzMZOf8d3W5s=w408-h435-k-no
Paris Mode Bali,4.4,"Jl. Danau Buyan No.11 A, Sanur, Kota Denpasar",09.00,21.00,https://lh5.googleusercontent.com/p/AF1QipPyWlvdmY8ddNdZRJKv0TPpfoqRCBM6ym_Wc9oU=w508-h240-k-no
Dua Saudara Collection,4.6,"Jl. Pulau Serangan No.67B, Dauh Puri Klod, Kec. Denpasar Bar., Kota Denpasar, Bali 80114",09.00,21.00,https://lh5.googleusercontent.com/p/AF1QipOC1bi0XRtIDJFwF4CCghfNup3pnGq-XZozs-PQ=w408-h860-k-no
Sindhu Bali Store,4.4,"Jl. Hayam Wuruk No.123, Sumerta Kelod, Kec. Denpasar Tim., Kota Denpasar, Bali 80239",09.00,22.00,https://lh5.googleusercontent.com/p/AF1QipPRN9RmWiGGTi-5A314RGpj_o9dVgPYh6Wo2-gp=w408-h408-k-no
DASTER PUTRI BALI 3,4.5,"Jl. Waturenggong No.131, Dauh Puri Klod, Denpasar Selatan, Kota Denpasar, Bali 80226",08.00,21.00,https://lh5.googleusercontent.com/p/AF1QipOap7MtOQwvsEsRD1qOYescy-9XzIhVMEWdeMk=w408-h306-k-no
Bintang Bali Busana Adat,4.9,"Jl. Letda Made Putra No.38, Dauh Puri, Kec. Denpasar Bar., Kota Denpasar, Bali 80232",10.00,20.00,https://lh5.googleusercontent.com/p/AF1QipNQTQSZn8xEfIB4Up8zaCFERRHd2wDvI9ldmv8n=w99-h92-k-no
Pasar Seni Kuta,4.4,"Jl. Melasti No.86, Legian, Kec. Kuta, Kabupaten Badung, Bali 80361",06.00,23.00,https://lh5.googleusercontent.com/p/AF1QipMMsciVqKfMqOdkZiFXQaS1gBUBul3tQg4riIwr=w122-h92-k-no
Pasar Badung,4.5,"Jl. Sulawesi, Dauh Puri Kangin, pasar badung, Kota Denpasar, Bali 80221",16.00,20.30,https://lh5.googleusercontent.com/p/AF1QipPUT5_rBwqTOQ0tHNDSsJIXPGrXrwkuZG-FzUoW=w164-h92-k-no
Pasar Kuta 1,4.4,"Jl. Raya Kuta No.124, Kuta, Kec. Kuta, Kabupaten Badung, Bali 80361",05.30,20.00,https://lh5.googleusercontent.com/p/AF1QipMTk4B3h6QUW2-71NUVmdsv3ZXasm70P2mrZSkd=w163-h92-k-no
Pasar Gunung Agung,4.3,"Jl. Gn. Agung No.4, Pemecutan Kaja, Kec. Denpasar Utara, Kota Denpasar, Bali 80111",02.00,23.00,https://lh5.googleusercontent.com/p/AF1QipOeKHGZrdHPJbvKgtVeuhXUtGXzzfheZLuFui_p=w163-h92-k-no
Pasar Sindu,4.4,"Jl. Ps. Sindu No.5, Sanur, Denpasar Selatan, Kota Denpasar, Bali 80288",04.00,23.00,https://lh5.googleusercontent.com/p/AF1QipMB_KKmd5thrEWTq94E_SzkoSIzLfAUL9bKbYKB=w163-h92-k-no
Pasar Seni Kumbasari,4.4,"Jl. Gajah Mada, Pemecutan, Kec. Denpasar Bar., Kota Denpasar, Bali 80111",09.00,17.00,https://lh5.googleusercontent.com/p/AF1QipPL3A8kuvl_er7bLn9KtWizNmcI57r2UN5V9lR1=w122-h92-k-no
Pasar Tradisional Kartika Udayana,4.6,"Kuta, Kec. Kuta, Kabupaten Badung, Bali 80361",04.00,20.00,https://lh5.googleusercontent.com/p/AF1QipN3Nnk_NsgTPzyXJ6XL-lHS4a63i7uxBpjOg9AX=w122-h92-k-no
Pasar Kreneng,4.4,"Dangin Puri Kangin, Kec. Denpasar Utara, Kota Denpasar, Bali 80236",04.00,15.00,https://lh5.googleusercontent.com/p/AF1QipNv-5-VLe61jHMXBsA22X-y3h9mRe6GbnYtleuD=w122-h92-k-no
Pasar Anyar Gelogor carik,4.6,"Jl. Glogor Carik No.27, Pemogan, Denpasar Selatan, Kota Denpasar, Bali 80221",02.00,23.00,https://lh5.googleusercontent.com/p/AF1QipMfyvrIycW5M1klU0GLP7yv5PnvSg0t3CB0siLk=w163-h92-k-no
Pasar Badung Kota Denpasar - Smart Heritage Market,4.5," Jalan Gajah Mada, Pemecutan, Dauh Puri Kangin, Denpasar City",02.00,23.00,https://lh5.googleusercontent.com/p/AF1QipMSP7TQxOkWIsgmWvFQyQNlb5PkIad76nYDGjms=w122-h92-k-no
Pasar Asoka,4.4,"Jl. Kamboja, Dangin Puri Kangin, Kec. Denpasar Utara, Kota Denpasar, Bali 80236",02.00,23.00,https://lh5.googleusercontent.com/p/AF1QipO3LzdKl-PHCPUcVAYcZLczpINErwQJrskXmwhH=w164-h92-k-no
Pasar Tamansari Grudugan / Pasar Wates Sesetan,4.2,"Jl. Raya Sesetan No.333, Sesetan, Denpasar Selatan, Kota Denpasar, Bali 80223",02.00,23.00,https://lh5.googleusercontent.com/p/AF1QipPj9ND4IBI5kdCp0ye9SzIRZ-jZKRuVDdyNRQNC=w122-h92-k-no
Pasar Pasah Pemecutan,4.4,"Jl. Gn. Batur No.34, Pemecutan, Kec. Denpasar Bar., Kota Denpasar, Bali 80112",05.00,17.00,https://lh5.googleusercontent.com/p/AF1QipMWJJ_WPY-WF1IOoqqer36LBX5NGS68eELvCQY0=w189-h92-k-no
Pasar Tradisional Galang Ayu,4.5,"Jl. Pulau Galang No.9, Pemogan, Denpasar Selatan, Kota Denpasar, Bali 80113",08.00,22.00,https://lh5.googleusercontent.com/p/AF1QipN1gg2oo6FaI4lhjtjQlJiUqnGQgqqdF-ifHkxx=w122-h92-k-no
Panjer Traditional Market,4.5,"Jl. Tukad Pakerisan No.6, Panjer, Denpasar Selatan, Kota Denpasar, Bali 80234",06.00,20.30,https://lh5.googleusercontent.com/p/AF1QipOXy9c13pe9ttFum_oaoL5Y0POQjH-uSusRsSBh=w80-h106-k-no
Pasar Desa Tegal Harum,4.4,"Jl. Gunung Rinjani No.99X, Tegal Harum, Kec. Denpasar Bar., Kota Denpasar, Bali 80112",06.00,16.30,https://lh5.googleusercontent.com/p/AF1QipOSVTJXYOMd9XjXxYX84JZ3WAiSumKc-YmDZvUX=w408-h306-k-no
Pasar Agung Peninjoan,4.4,"Jl. Cekomaria No.1, Peguyangan Kangin, Kec. Denpasar Utara, Kota Denpasar, Bali 80238",02.00,23.00,https://lh5.googleusercontent.com/p/AF1QipOdmnIbHHcxlxQ1tzxcNLk5GkyCMNSIxu1KZpnQ=w426-h240-k-no
Pasar tradisional pasar sumuh,4.4,"Jl. Pulau Misol No.35, Dauh Puri Kauh, Kec. Denpasar Bar., Kota Denpasar, Bali 80113",05.00,21.00,https://lh5.googleusercontent.com/p/AF1QipOgj65k_KYDF0W5MVeUVsNqmT4ZjC9NTiXeEKRK=w122-h92-k-no
PASAR TRADISIONAL ALAS KUSUMA,4.4,"Jl. Raya Uluwatu No.88, Jimbaran, Kec. Kuta Sel., Kabupaten Badung, Bali 80361",04.00,22.00,https://lh5.googleusercontent.com/p/AF1QipNfWA53CzIa2aM71fUcp_nXwXPvg0cIZDZODOnb=w80-h142-k-no
